<annotation>
	<folder>so_jpg</folder>
	<filename>teste_final_getty-images-962536714.jpg</filename>
	<path>/Users/giovannicaprio/Desktop/teste_final/so_jpg/teste_final_getty-images-962536714.jpg</path>
	<source>
		<database>Unknown</database>
	</source>
	<size>
		<width>1336</width>
		<height>891</height>
		<depth>3</depth>
	</size>
	<segmented>0</segmented>
	<object>
		<name>three</name>
		<pose>Unspecified</pose>
		<truncated>0</truncated>
		<difficult>0</difficult>
		<bndbox>
			<xmin>16</xmin>
			<ymin>585</ymin>
			<xmax>52</xmax>
			<ymax>637</ymax>
		</bndbox>
	</object>
	<object>
		<name>one</name>
		<pose>Unspecified</pose>
		<truncated>1</truncated>
		<difficult>0</difficult>
		<bndbox>
			<xmin>1</xmin>
			<ymin>584</ymin>
			<xmax>15</xmax>
			<ymax>633</ymax>
		</bndbox>
	</object>
	<object>
		<name>three</name>
		<pose>Unspecified</pose>
		<truncated>0</truncated>
		<difficult>0</difficult>
		<bndbox>
			<xmin>472</xmin>
			<ymin>519</ymin>
			<xmax>506</xmax>
			<ymax>569</ymax>
		</bndbox>
	</object>
	<object>
		<name>six</name>
		<pose>Unspecified</pose>
		<truncated>0</truncated>
		<difficult>0</difficult>
		<bndbox>
			<xmin>505</xmin>
			<ymin>512</ymin>
			<xmax>539</xmax>
			<ymax>561</ymax>
		</bndbox>
	</object>
	<object>
		<name>two</name>
		<pose>Unspecified</pose>
		<truncated>0</truncated>
		<difficult>0</difficult>
		<bndbox>
			<xmin>670</xmin>
			<ymin>379</ymin>
			<xmax>704</xmax>
			<ymax>436</ymax>
		</bndbox>
	</object>
	<object>
		<name>two</name>
		<pose>Unspecified</pose>
		<truncated>0</truncated>
		<difficult>0</difficult>
		<bndbox>
			<xmin>642</xmin>
			<ymin>378</ymin>
			<xmax>670</xmax>
			<ymax>435</ymax>
		</bndbox>
	</object>
	<object>
		<name>seven</name>
		<pose>Unspecified</pose>
		<truncated>0</truncated>
		<difficult>0</difficult>
		<bndbox>
			<xmin>590</xmin>
			<ymin>827</ymin>
			<xmax>632</xmax>
			<ymax>887</ymax>
		</bndbox>
	</object>
</annotation>
