<annotation>
	<folder>so_jpg</folder>
	<filename>teste_final_FIFA 17 Career Match 2-1 MCI V ARS, 2nd Half_1.jpg</filename>
	<path>/Users/giovannicaprio/Desktop/teste_final/so_jpg/teste_final_FIFA 17 Career Match 2-1 MCI V ARS, 2nd Half_1.jpg</path>
	<source>
		<database>Unknown</database>
	</source>
	<size>
		<width>1920</width>
		<height>1080</height>
		<depth>3</depth>
	</size>
	<segmented>0</segmented>
	<object>
		<name>three</name>
		<pose>Unspecified</pose>
		<truncated>0</truncated>
		<difficult>0</difficult>
		<bndbox>
			<xmin>811</xmin>
			<ymin>569</ymin>
			<xmax>829</xmax>
			<ymax>602</ymax>
		</bndbox>
	</object>
	<object>
		<name>zero</name>
		<pose>Unspecified</pose>
		<truncated>0</truncated>
		<difficult>0</difficult>
		<bndbox>
			<xmin>827</xmin>
			<ymin>567</ymin>
			<xmax>847</xmax>
			<ymax>605</ymax>
		</bndbox>
	</object>
</annotation>
