<annotation>
	<folder>so_jpg</folder>
	<filename>teste_final_56512000.jpg</filename>
	<path>/Users/giovannicaprio/Desktop/teste_final/so_jpg/teste_final_56512000.jpg</path>
	<source>
		<database>Unknown</database>
	</source>
	<size>
		<width>2520</width>
		<height>1410</height>
		<depth>3</depth>
	</size>
	<segmented>0</segmented>
	<object>
		<name>four</name>
		<pose>Unspecified</pose>
		<truncated>0</truncated>
		<difficult>0</difficult>
		<bndbox>
			<xmin>280</xmin>
			<ymin>592</ymin>
			<xmax>296</xmax>
			<ymax>618</ymax>
		</bndbox>
	</object>
	<object>
		<name>four</name>
		<pose>Unspecified</pose>
		<truncated>0</truncated>
		<difficult>0</difficult>
		<bndbox>
			<xmin>514</xmin>
			<ymin>739</ymin>
			<xmax>528</xmax>
			<ymax>765</ymax>
		</bndbox>
	</object>
	<object>
		<name>eight</name>
		<pose>Unspecified</pose>
		<truncated>0</truncated>
		<difficult>0</difficult>
		<bndbox>
			<xmin>1937</xmin>
			<ymin>866</ymin>
			<xmax>1957</xmax>
			<ymax>892</ymax>
		</bndbox>
	</object>
	<object>
		<name>six</name>
		<pose>Unspecified</pose>
		<truncated>0</truncated>
		<difficult>0</difficult>
		<bndbox>
			<xmin>1681</xmin>
			<ymin>999</ymin>
			<xmax>1695</xmax>
			<ymax>1024</ymax>
		</bndbox>
	</object>
	<object>
		<name>seven</name>
		<pose>Unspecified</pose>
		<truncated>0</truncated>
		<difficult>0</difficult>
		<bndbox>
			<xmin>1331</xmin>
			<ymin>794</ymin>
			<xmax>1352</xmax>
			<ymax>817</ymax>
		</bndbox>
	</object>
	<object>
		<name>four</name>
		<pose>Unspecified</pose>
		<truncated>0</truncated>
		<difficult>0</difficult>
		<bndbox>
			<xmin>2021</xmin>
			<ymin>708</ymin>
			<xmax>2041</xmax>
			<ymax>734</ymax>
		</bndbox>
	</object>
	<object>
		<name>one</name>
		<pose>Unspecified</pose>
		<truncated>0</truncated>
		<difficult>0</difficult>
		<bndbox>
			<xmin>2014</xmin>
			<ymin>708</ymin>
			<xmax>2028</xmax>
			<ymax>730</ymax>
		</bndbox>
	</object>
	<object>
		<name>one</name>
		<pose>Unspecified</pose>
		<truncated>0</truncated>
		<difficult>0</difficult>
		<bndbox>
			<xmin>645</xmin>
			<ymin>1144</ymin>
			<xmax>659</xmax>
			<ymax>1175</ymax>
		</bndbox>
	</object>
	<object>
		<name>two</name>
		<pose>Unspecified</pose>
		<truncated>0</truncated>
		<difficult>0</difficult>
		<bndbox>
			<xmin>634</xmin>
			<ymin>1146</ymin>
			<xmax>653</xmax>
			<ymax>1174</ymax>
		</bndbox>
	</object>
</annotation>
