<annotation>
	<folder>so_jpg</folder>
	<filename>teste_final_psg1.jpg</filename>
	<path>/Users/giovannicaprio/Desktop/teste_final/so_jpg/teste_final_psg1.jpg</path>
	<source>
		<database>Unknown</database>
	</source>
	<size>
		<width>2560</width>
		<height>1600</height>
		<depth>3</depth>
	</size>
	<segmented>0</segmented>
	<object>
		<name>nine</name>
		<pose>Unspecified</pose>
		<truncated>0</truncated>
		<difficult>0</difficult>
		<bndbox>
			<xmin>287</xmin>
			<ymin>838</ymin>
			<xmax>310</xmax>
			<ymax>869</ymax>
		</bndbox>
	</object>
	<object>
		<name>eight</name>
		<pose>Unspecified</pose>
		<truncated>0</truncated>
		<difficult>0</difficult>
		<bndbox>
			<xmin>1772</xmin>
			<ymin>613</ymin>
			<xmax>1795</xmax>
			<ymax>642</ymax>
		</bndbox>
	</object>
	<object>
		<name>seven</name>
		<pose>Unspecified</pose>
		<truncated>0</truncated>
		<difficult>0</difficult>
		<bndbox>
			<xmin>2127</xmin>
			<ymin>1028</ymin>
			<xmax>2149</xmax>
			<ymax>1061</ymax>
		</bndbox>
	</object>
	<object>
		<name>seven</name>
		<pose>Unspecified</pose>
		<truncated>0</truncated>
		<difficult>0</difficult>
		<bndbox>
			<xmin>2390</xmin>
			<ymin>1123</ymin>
			<xmax>2410</xmax>
			<ymax>1153</ymax>
		</bndbox>
	</object>
	<object>
		<name>one</name>
		<pose>Unspecified</pose>
		<truncated>0</truncated>
		<difficult>0</difficult>
		<bndbox>
			<xmin>2377</xmin>
			<ymin>1124</ymin>
			<xmax>2396</xmax>
			<ymax>1155</ymax>
		</bndbox>
	</object>
	<object>
		<name>six</name>
		<pose>Unspecified</pose>
		<truncated>0</truncated>
		<difficult>0</difficult>
		<bndbox>
			<xmin>1157</xmin>
			<ymin>1011</ymin>
			<xmax>1173</xmax>
			<ymax>1041</ymax>
		</bndbox>
	</object>
</annotation>
