<annotation>
	<folder>so_jpg</folder>
	<filename>teste_final_getty-images-962536912.jpg</filename>
	<path>/Users/giovannicaprio/Desktop/teste_final/so_jpg/teste_final_getty-images-962536912.jpg</path>
	<source>
		<database>Unknown</database>
	</source>
	<size>
		<width>1186</width>
		<height>791</height>
		<depth>3</depth>
	</size>
	<segmented>0</segmented>
	<object>
		<name>eight</name>
		<pose>Unspecified</pose>
		<truncated>0</truncated>
		<difficult>0</difficult>
		<bndbox>
			<xmin>621</xmin>
			<ymin>304</ymin>
			<xmax>659</xmax>
			<ymax>358</ymax>
		</bndbox>
	</object>
	<object>
		<name>three</name>
		<pose>Unspecified</pose>
		<truncated>0</truncated>
		<difficult>0</difficult>
		<bndbox>
			<xmin>482</xmin>
			<ymin>445</ymin>
			<xmax>520</xmax>
			<ymax>498</ymax>
		</bndbox>
	</object>
	<object>
		<name>two</name>
		<pose>Unspecified</pose>
		<truncated>0</truncated>
		<difficult>0</difficult>
		<bndbox>
			<xmin>359</xmin>
			<ymin>514</ymin>
			<xmax>407</xmax>
			<ymax>563</ymax>
		</bndbox>
	</object>
	<object>
		<name>one</name>
		<pose>Unspecified</pose>
		<truncated>0</truncated>
		<difficult>0</difficult>
		<bndbox>
			<xmin>344</xmin>
			<ymin>514</ymin>
			<xmax>367</xmax>
			<ymax>567</ymax>
		</bndbox>
	</object>
	<object>
		<name>two</name>
		<pose>Unspecified</pose>
		<truncated>0</truncated>
		<difficult>0</difficult>
		<bndbox>
			<xmin>382</xmin>
			<ymin>361</ymin>
			<xmax>409</xmax>
			<ymax>399</ymax>
		</bndbox>
	</object>
</annotation>
