<annotation>
	<folder>so_jpg</folder>
	<filename>teste_final_f_longe_varios.jpg</filename>
	<path>/Users/giovannicaprio/Desktop/teste_final/so_jpg/teste_final_f_longe_varios.jpg</path>
	<source>
		<database>Unknown</database>
	</source>
	<size>
		<width>1280</width>
		<height>720</height>
		<depth>3</depth>
	</size>
	<segmented>0</segmented>
	<object>
		<name>eight</name>
		<pose>Unspecified</pose>
		<truncated>0</truncated>
		<difficult>0</difficult>
		<bndbox>
			<xmin>764</xmin>
			<ymin>470</ymin>
			<xmax>781</xmax>
			<ymax>492</ymax>
		</bndbox>
	</object>
	<object>
		<name>seven</name>
		<pose>Unspecified</pose>
		<truncated>0</truncated>
		<difficult>0</difficult>
		<bndbox>
			<xmin>399</xmin>
			<ymin>397</ymin>
			<xmax>410</xmax>
			<ymax>411</ymax>
		</bndbox>
	</object>
	<object>
		<name>two</name>
		<pose>Unspecified</pose>
		<truncated>0</truncated>
		<difficult>0</difficult>
		<bndbox>
			<xmin>186</xmin>
			<ymin>323</ymin>
			<xmax>198</xmax>
			<ymax>339</ymax>
		</bndbox>
	</object>
	<object>
		<name>four</name>
		<pose>Unspecified</pose>
		<truncated>0</truncated>
		<difficult>0</difficult>
		<bndbox>
			<xmin>230</xmin>
			<ymin>317</ymin>
			<xmax>246</xmax>
			<ymax>331</ymax>
		</bndbox>
	</object>
	<object>
		<name>one</name>
		<pose>Unspecified</pose>
		<truncated>0</truncated>
		<difficult>0</difficult>
		<bndbox>
			<xmin>392</xmin>
			<ymin>398</ymin>
			<xmax>402</xmax>
			<ymax>413</ymax>
		</bndbox>
	</object>
</annotation>
