<annotation>
	<folder>so_jpg</folder>
	<filename>teste_final_12239605_10153300448508831_7605466849930993837_n.jpg</filename>
	<path>/Users/giovannicaprio/Desktop/teste_final/so_jpg/teste_final_12239605_10153300448508831_7605466849930993837_n.jpg</path>
	<source>
		<database>Unknown</database>
	</source>
	<size>
		<width>594</width>
		<height>396</height>
		<depth>3</depth>
	</size>
	<segmented>0</segmented>
	<object>
		<name>nine</name>
		<pose>Unspecified</pose>
		<truncated>0</truncated>
		<difficult>0</difficult>
		<bndbox>
			<xmin>520</xmin>
			<ymin>184</ymin>
			<xmax>532</xmax>
			<ymax>214</ymax>
		</bndbox>
	</object>
	<object>
		<name>four</name>
		<pose>Unspecified</pose>
		<truncated>0</truncated>
		<difficult>0</difficult>
		<bndbox>
			<xmin>293</xmin>
			<ymin>196</ymin>
			<xmax>304</xmax>
			<ymax>212</ymax>
		</bndbox>
	</object>
	<object>
		<name>nine</name>
		<pose>Unspecified</pose>
		<truncated>0</truncated>
		<difficult>0</difficult>
		<bndbox>
			<xmin>140</xmin>
			<ymin>210</ymin>
			<xmax>151</xmax>
			<ymax>224</ymax>
		</bndbox>
	</object>
	<object>
		<name>five</name>
		<pose>Unspecified</pose>
		<truncated>0</truncated>
		<difficult>0</difficult>
		<bndbox>
			<xmin>405</xmin>
			<ymin>250</ymin>
			<xmax>413</xmax>
			<ymax>264</ymax>
		</bndbox>
	</object>
	<object>
		<name>five</name>
		<pose>Unspecified</pose>
		<truncated>0</truncated>
		<difficult>0</difficult>
		<bndbox>
			<xmin>214</xmin>
			<ymin>274</ymin>
			<xmax>229</xmax>
			<ymax>301</ymax>
		</bndbox>
	</object>
	<object>
		<name>five</name>
		<pose>Unspecified</pose>
		<truncated>0</truncated>
		<difficult>0</difficult>
		<bndbox>
			<xmin>383</xmin>
			<ymin>209</ymin>
			<xmax>393</xmax>
			<ymax>222</ymax>
		</bndbox>
	</object>
</annotation>
