<annotation>
	<folder>so_jpg</folder>
	<filename>teste_final_getty-images-962541290.jpg</filename>
	<path>/Users/giovannicaprio/Desktop/teste_final/so_jpg/teste_final_getty-images-962541290.jpg</path>
	<source>
		<database>Unknown</database>
	</source>
	<size>
		<width>1071</width>
		<height>714</height>
		<depth>3</depth>
	</size>
	<segmented>0</segmented>
	<object>
		<name>eight</name>
		<pose>Unspecified</pose>
		<truncated>0</truncated>
		<difficult>0</difficult>
		<bndbox>
			<xmin>70</xmin>
			<ymin>392</ymin>
			<xmax>97</xmax>
			<ymax>434</ymax>
		</bndbox>
	</object>
	<object>
		<name>two</name>
		<pose>Unspecified</pose>
		<truncated>0</truncated>
		<difficult>0</difficult>
		<bndbox>
			<xmin>580</xmin>
			<ymin>255</ymin>
			<xmax>618</xmax>
			<ymax>320</ymax>
		</bndbox>
	</object>
	<object>
		<name>three</name>
		<pose>Unspecified</pose>
		<truncated>0</truncated>
		<difficult>0</difficult>
		<bndbox>
			<xmin>615</xmin>
			<ymin>255</ymin>
			<xmax>645</xmax>
			<ymax>319</ymax>
		</bndbox>
	</object>
</annotation>
