<annotation>
	<folder>so_jpg</folder>
	<filename>teste_final_f_2_pequeno_bom.jpg</filename>
	<path>/Users/giovannicaprio/Desktop/teste_final/so_jpg/teste_final_f_2_pequeno_bom.jpg</path>
	<source>
		<database>Unknown</database>
	</source>
	<size>
		<width>1280</width>
		<height>720</height>
		<depth>3</depth>
	</size>
	<segmented>0</segmented>
	<object>
		<name>two</name>
		<pose>Unspecified</pose>
		<truncated>0</truncated>
		<difficult>0</difficult>
		<bndbox>
			<xmin>822</xmin>
			<ymin>616</ymin>
			<xmax>840</xmax>
			<ymax>637</ymax>
		</bndbox>
	</object>
</annotation>
